,title,compressibility
0,Quantum Project,0.30314712674389754
1,Queen of the Damned,0.24871968460037433
2,"Queen, The",0.20920298397758677
3,Wag the Dog,0.2620414116751752
4,"Walk to Remember, A",0.24946841386036436
5,Walking Tall,0.19797166220563317
6,Wall Street,0.36659450097423685
7,Wall Street: Money Never Sleeps,0.23421401438958597
8,Wall-E,0.22354370759089393
9,Wanted,0.2797528669313206
10,War for the Planet of the Apes,0.28904689622113927
11,War Horse,0.22135247876884212
12,War of the Worlds,0.20921735030645922
13,Warm Springs,0.2588662311783811
14,Warrior,0.21816535645572707
15,Watchmen,0.28289396848532417
16,Water for Elephants,0.25158226545846607
17,"Way Back, The",0.24924115273363567
18,We Own the Night,0.21920578596730286
19,What About Bob?,0.19496955906770802
20,What Lies Beneath,0.27177425493194574
21,When a Stranger Calls,0.20922687669611703
22,When Harry Met Sally,15.0
23,While She Was Out,0.2612978846631181
24,"Whistleblower, The",0.26787022548638306
25,White Christmas,0.20590456763238416
26,White Jazz,0.2741772183030755
27,"White Ribbon, The",0.30304276532586744
28,White Squall,0.2771667944730487
29,Whiteout,0.21500164059936563
30,Who Framed Roger Rabbit?,0.2684641602532717
31,Who's Your Daddy,0.22288794642468365
32,Wild At Heart,0.3328872592850413
33,"Wild Bunch, The",0.29461954644871646
34,Wild Hogs,0.2235333148026935
35,Wild Things,0.24904113709859366
36,Wild Things: Diamonds in the Rough,0.21683443440496125
37,Wild Wild West,0.24840291633258124
38,Willow,0.28624020475781425
39,Win Win,0.16528939781436214
40,Wind Chill,0.2512976552711652
41,Withnail and I,0.310040720336215
42,Witness,0.22758570306649864
43,"Wizard of Oz, The",0.2194033216879928
44,"Wolf of Wall Street, The",0.22805308379302142
45,Wonder Boys,0.3407391268127319
46,Wonder Woman,0.2393246235935851
47,"Woodsman, The",0.16101386796862827
48,"World is not Enough, The",0.2766136594140498
49,"Wrestler, The",0.20671473383989403
50,E.T.,0.31860943998061936
51,Eagle Eye,0.3031138193908899
52,Eastern Promises,0.2229410155181175
53,Easy A,0.20696054864253394
54,Ed TV,0.34058672044256105
55,Ed Wood,0.24759893713473818
56,Edward Scissorhands,0.34616773207042284
57,Eight Legged Freaks,0.27125281907925836
58,El Mariachi,15.0
59,Election,0.3448197943735171
60,"Elephant Man, The",0.2126499964184608
61,Elizabeth: The Golden Age,0.22153846153846155
62,Enemy of the State,3.8095238095238093
63,"English Patient, The",1.1401869158878504
64,Enough,0.24745101605683048
65,Entrapment,0.27772238429943663
66,Equilibrium,15.0
67,Erik the Viking,1.0236220472440944
68,Erin Brockovich,0.25271595640619454
69,Escape From L.A.,0.23480478145288172
70,Escape From New York,0.3463000689776865
71,Eternal Sunshine of the Spotless Mind,0.3208361078139023
72,Even Cowgirls Get the Blues,0.2489535821175743
73,Event Horizon,0.19320827288370052
74,Evil Dead,0.27146144726748644
75,Evil Dead II: Dead by Dawn,0.2425254461661842
76,Ex Machina,0.2378795671096217
77,Excalibur,0.22836319958446955
78,Executive Decision,
79,eXistenZ,0.24162064946229753
80,Extract,0.2332266712790798
81,Eyes Wide Shut,
82,Rachel Getting Married,0.1857843016928905
83,Raging Bull,0.2955637817330642
84,Raising Arizona,0.34040652827022494
85,Rambling Rose,0.31639690957203737
86,Rambo: First Blood II: The Mission,1.1401869158878504
87,"Reader, The",0.20863490088645906
88,Real Genius,0.3611859838274933
89,Rear Window,0.20167950224078668
90,Rebel Without A Cause,0.2622103222232481
91,Red Planet,0.3614295347269049
92,Red Riding Hood,0.22432247686331655
93,Reindeer Games,0.2183921376436126
94,"Relic, The",0.25793655733283544
95,Remember Me,0.2587753994982257
96,"Replacements, The",0.28776978417266186
97,Repo Man,0.19713276658709886
98,"Rescuers Down Under, The",0.3515978862606945
99,Reservoir Dogs,0.22743989334804396
100,Resident Evil,1.5145631067961165
101,Return of the Apes,1.0810810810810811
102,"Revenant, The",0.21582352589249848
103,Revolutionary Road,0.20327822994948708
104,Ringu,0.33305482727822755
105,Rise of the Guardians,0.19856094587757514
106,Rise of the Planet of the Apes,0.2565100043726723
107,RKO 281,0.28002116814750855
108,"Road, The",0.23517228115337388
109,Robin Hood: Prince of Thieves,0.28068682806094825
110,Robocop,15.0
111,"Rock, The",0.3404308367407998
112,RocknRolla,0.21002279045305416
113,Rocky,0.338495654351014
114,"Rocky Horror Picture Show, The",0.3255650992175141
115,Romeo & Juliet,0.25645567213541276
116,Ronin,0.2681454713209288
117,Room,0.22820195873347912
118,"Roommate, The",0.2297852483794723
119,Roughshod,0.19665576025267903
120,"Ruins, The",0.2535464926590538
121,Runaway Bride,0.31549107474437377
122,Rush,0.2422928228026877
123,Rush Hour,0.34084699860123213
124,Rush Hour 2,0.3444123444123444
125,Rushmore,15.0
126,Rust and Bone,0.23569881647185909
127,Take Shelter,0.24070078032962802
128,Taking Lives,0.262370641400213
129,"Taking of Pelham One Two Three, The",0.22643661976915885
130,Taking Sides,0.20809398096156448
131,"Talented Mr. Ripley, The",0.2582938793648623
132,Tall in the Saddle,0.19803358117598546
133,Tamara Drewe,0.22145083279025743
134,Taxi Driver,0.2824025071083162
135,Ted,0.20205744729324757
136,Terminator,0.25196270469325394
137,Terminator 2: Judgement Day,0.28769480359864313
138,Terminator Salvation,0.2386052121788077
139,The Rage: Carrie 2,0.25630740673572366
140,Thelma & Louise,0.19413403923663575
141,"Theory of Everything, The",0.1847416220651586
142,There's Something About Mary,1.1818181818181819
143,They,0.15610766045548655
144,"Thing, The",0.21896477568969602
145,"Things My Father Never Taught Me, The",0.34039929083481074
146,Thirteen Days,0.3315145795708763
147,This Boy's Life,0.24417942934522993
148,This is 40,0.2300866204892519
149,Thor,0.23191845802592873
150,Thor Ragnarok,0.2639577407557903
151,Three Kings,0.24458741684379712
152,Three Kings (Spoils of War),0.2373884980436583
153,Three Men and a Baby,0.24203956244006306
154,"Three Musketeers, The",0.23071221330396663
155,Thunderbirds,0.18577069660571538
156,Thunderheart,0.23391654201637174
157,Ticker,0.21499939111727082
158,Timber Falls,0.2730005114736763
159,"Time Machine, The",0.2650203599106791
160,Tin Cup,0.25001595032006974
161,Tin Men,0.20465948759455022
162,Tinker Tailor Soldier Spy,0.25864055041348244
163,Titanic,0.2962673151449126
164,TMNT,0.23433963805711017
165,To Sleep with Anger,0.33140347998656133
166,Tombstone,0.29386419319409673
167,Tomorrow Never Dies,0.2653522800762065
168,Top Gun,1.565217391304348
169,Total Recall,0.2620783469457732
170,"Tourist, The",0.23906619223325457
171,Toy Story,1.1377777777777778
172,Traffic,0.3351244677542177
173,Training Day,0.2292747482778228
174,Trainspotting,0.28704201613226854
175,Transformers: The Movie,0.27826867116439125
176,Tremors,2.2127659574468086
177,Tristan and Isolde,0.19598193427814983
178,TRON,0.23462888959124384
179,TRON: Legacy,0.24995275841148915
180,Tropic Thunder,0.29931301164177876
181,Troy,
182,True Grit,0.22679736364247763
183,True Lies,0.24840244389224722
184,True Romance,0.36094276094276095
185,"Truman Show, The",0.2741407670331573
186,Twilight,0.2407625235721354
187,Twilight: New Moon,0.23169785870848086
188,Twin Peaks,0.21593969449834904
189,Twins,0.21527354626722922
190,Two For The Money,0.24492912474291556
191,Year One,0.25124424142666524
192,Yes Man,0.19177254190854107
193,You Can Count On Me,0.1940269769044458
194,You've Got Mail,4.222222222222222
195,Youth in Revolt,0.22863469878164727
196,U Turn,0.2634777196558294
197,"Ugly Truth, The",0.20388798492763552
198,Un Singe en Hiver,0.1973668115242234
199,Unbreakable,0.32513330270503554
200,Under Fire,0.22668309508492257
201,Unforgiven,
202,Unknown,0.25891852316703273
203,Up,0.20448800176042164
204,Up in the Air,0.1999539836685435
205,"Usual Suspects, The",3.3333333333333335
206,I Am Number Four,0.2513104717698371
207,I am Sam,0.22723453303241872
208,I Love You Phillip Morris,0.24420649189007645
209,I Spit on Your Grave,0.2332176017671523
210,I Still Know What You Did Last Summer,0.34273038468597145
211,I'll Do Anything,0.2107099092597187
212,"I, Robot",0.26692456479690524
213,"Ice Storm, The",0.3557357058207238
214,"Ides of March, The",0.19750140003244934
215,"Imaginarium of Doctor Parnassus, The",0.23932641681292072
216,In the Bedroom,0.25353452704888396
217,In the Loop,0.21794706059786972
218,Inception,0.25097645255436524
219,"Incredibles, The",15.0
220,Independence Day,1.7464788732394365
221,Indiana Jones and the Last Crusade,0.3311161511241559
222,Indiana Jones and the Raiders of the Lost Ark,0.24473345860943527
223,Indiana Jones and the Temple of Doom,0.240443838108231
224,Indiana Jones IV,0.25892070520651495
225,"Informant, The",0.2387825816779353
226,Inglourious Basterds,0.2699661523483931
227,Innerspace,
228,"Insider, The",0.2476186413565106
229,Insidious,0.2036100332594235
230,Insomnia,0.22712010111627948
231,Interstellar,0.20342017269049975
232,Interview with the Vampire,0.3375134833686775
233,Into the Wild,0.27344707323970213
234,Into the Woods,0.228011154258105
235,Intolerable Cruelty,0.20537294438147508
236,Inventing the Abbotts,0.22455625455747744
237,"Invention of Lying, The",0.19685740694059323
238,Invictus,0.1999884146773166
239,"Iron Lady, The",0.2178148750423731
240,"Island, The",0.28133792998555096
241,It,0.19478081860014532
242,It Happened One Night,0.14492769925590132
243,It Happened One Night,0.14492769925590132
244,It's a Wonderful Life,0.18572501878287
245,It's Complicated,0.23800554016620498
246,"Italian Job, The",0.2264797446791847
247,O Brother Where Art Thou?,0.3604287590560522
248,Oblivion,0.24753478061458492
249,Observe and Report,0.15349591310410873
250,Obsessed,0.1860572582612007
251,Ocean's Eleven,0.22797368920119376
252,Ocean's Twelve,0.22882406194791383
253,Office Space,0.35530621785881256
254,"Officer and a Gentleman, An",15.0
255,Omega Man,0.715008431703204
256,One Flew Over the Cuckoo's Nest,0.31370957713477887
257,Only God Forgives,0.2293181680682437
258,Ordinary People,0.13810054149544915
259,Orgy of the Dead,1.1304347826086956
260,Orphan,0.2930285734943897
261,"Other Boleyn Girl, The",0.24442759391019675
262,Out of Sight,0.2288866379097762
263,Outbreak,
264,"Pacifier, The",0.23210883668622168
265,Pandorum,0.22736467225341883
266,Panic Room,0.2794471883406066
267,Papadopoulos & Sons,0.21443788258770866
268,ParaNorman,0.25185500547378664
269,Pariah,0.24843578117815507
270,Passengers,0.2046934905005623
271,"Passion of Joan of Arc, The",0.3051274559929881
272,"Patriot, The",0.3280136971823543
273,Paul,0.225373340773916
274,Pearl Harbor,2.380952380952381
275,Peeping Tom,0.18182626812771766
276,Peggy Sue Got Married,0.34385033723624414
277,Perfect Creature,0.27172760996290407
278,"Perfect World, A",0.2402064106096771
279,"Perks of Being a Wallflower, The",0.24073983141009903
280,Pet Sematary,0.3346419912998126
281,Pet Sematary II,0.35328807714320903
282,Petulia,0.28500844219319293
283,Philadelphia,0.23825889796521918
284,Phone Booth,0.33967953302278836
285,Pi,0.34401476572750117
286,"Pianist, The",0.21906797050790372
287,"Piano, The",0.30187570138406455
288,Pineapple Express,0.18423920567698146
289,Pirates of the Caribbean,0.2942750021063274
290,Pirates of the Caribbean: Dead Man's Chest,0.20207886840977282
291,Pitch Black,0.2753911666286644
292,"Planet of the Apes, The",1.1
293,Platinum Blonde,0.14038516105950133
294,Platoon,1.1401869158878504
295,Pleasantville,0.3215870475636243
296,Point Break,0.3210743801652893
297,Pokemon: Mewtwo Returns,0.3579153210275251
298,"Postman, The",0.2332550974953302
299,"Power of One, The",0.25126153294915055
300,Precious,0.23303419662603037
301,Predator,0.2388801299507907
302,"Prestige, The",0.2102451655868423
303,Pretty Woman,0.30078095743884087
304,Pretty Woman (final script),0.17167075915937902
305,Pride and Prejudice,0.22707512393542648
306,Priest,0.26071666995759407
307,"Princess Bride, The",0.22915734303985041
308,"Private Life of Sherlock Holmes, The",0.2686938031890079
309,"Producer, The",0.25586518957715715
310,"Program, The",0.21996449229711929
311,Prom Night,0.24035661693663918
312,Prometheus,0.21787686551838728
313,"Prophecy, The",0.2164863395884085
314,"Proposal, The",0.2517074603690842
315,Psycho,0.32248428219111464
316,Public Enemies,0.28599126122202395
317,Pulp Fiction,0.20167829720799715
318,Punch-Drunk Love,1.109375
319,Purple Rain,0.25258651444880487
320,A Few Good Men,0.1773524330770054
321,A Most Violent Year,0.18906534523418608
322,A Prayer Before Dawn,0.29221356020104716
323,A Quiet Place,0.2924463014106188
324,A Scanner Darkly,0.24762633996937214
325,A Serious Man,0.2735996196462014
326,A.I.,
327,Above the Law,0.27898671826897703
328,Absolute Power,0.23137088876629847
329,"Abyss, The",0.281104178139194
330,Ace Ventura: Pet Detective,1.0064516129032257
331,Adaptation,0.2668588509572132
332,"Addams Family, The",0.08925371499221398
333,"Adjustment Bureau, The",0.23864999600117298
334,"Adventures of Buckaroo Banzai Across the Eighth Dimension, The",0.3572313616348005
335,Affliction,0.2014164459101476
336,After School Special,0.24314657887784755
337,After.Life,0.19573525049295898
338,Agnes of God,0.19749577255350928
339,Air Force One,1.6708860759493671
340,Airplane,0.19926963110512236
341,Airplane 2: The Sequel,0.20561296479051294
342,Aladdin,0.3391593996781317
343,Ali,0.24009058597804547
344,Alien,0.24238751393075963
345,Alien 3,0.3563238830087442
346,Alien Nation,0.3463429001538109
347,Alien vs. Predator,0.33778012794353474
348,Alien: Resurrection,0.35362178370765246
349,Aliens,0.25925925925925924
350,All About Eve,0.33606645139839847
351,All About Steve,0.2602936271369501
352,All the King's Men,0.18376924039544487
353,All the President's Men,0.18875455361385354
354,Almost Famous,1.108433734939759
355,Alone in the Dark,0.1982746175246107
356,Amadeus,0.1992122956145818
357,Amelia,0.21469983929043676
358,American Beauty,0.26421936317122846
359,American Gangster,0.2338440248415183
360,American Graffiti,0.21104598255897491
361,American History X,0.3381553006009644
362,American Hustle,0.23684511785755172
363,American Madness,0.1309392928298807
364,American Milkshake,0.17589235186854185
365,American Outlaws,0.21305309935982078
366,American Pie,0.2500139941560404
367,"American President, The",0.3112932376572482
368,American Psycho,0.35443705553220767
369,American Shaolin: King of Kickboxers II,0.29311230265446653
370,American Sniper,0.2670379380564735
371,American Splendor,0.22332651271558024
372,American Werewolf in London,0.23759813763615867
373,"American, The",0.2669997705661917
374,"Amityville Asylum, The",0.203923026053309
375,Amour,0.20729827204933415
376,An Education,0.2347250750139616
377,Analyze That,0.25604324853541344
378,Analyze This,0.20005513330445399
379,Anastasia,0.3143160396614444
380,Angel Eyes,0.2547825966557592
381,Angels & Demons,0.2076183142467122
382,Anna Karenina,0.20106059266101323
383,Annie Hall,0.31727965218006043
384,"Anniversary Party, The",0.339540943778838
385,Anonymous,0.2443087086662979
386,Antitrust,0.22784661367847475
387,Antz,0.27172638089144807
388,"Apartment, The",1.4576271186440677
389,Apocalypse Now,0.3414398882415225
390,April Fool's Day,0.21725612666169336
391,Apt Pupil,0.31881472287941665
392,Arbitrage,0.19737628139262586
393,Arcade,0.34440236327829116
394,Arctic Blue,0.3311063728974177
395,Argo,0.24193526528584014
396,Armageddon,0.3592942962400726
397,Army of Darkness,0.3339150782430654
398,Arsenic and Old Lace,0.2497763237566764
399,Arthur,0.21384518980244716
400,"Artist, The",0.3059122849527502
401,As Good As It Gets,0.34127515211876935
402,Assassins,0.24481536611593452
403,"Assignment, The",0.22544605194813788
404,At First Sight,0.3604572965702757
405,August: Osage County,0.20675986930205154
406,Austin Powers - International Man of Mystery,0.2127127806457954
407,Austin Powers - The Spy Who Shagged Me,0.21348437900061135
408,Authors Anonymous,0.2506023583726484
409,Autumn in New York,0.21600399858114863
410,Avatar,0.23868924489497423
411,"Avengers, The",0.3538724155885241
412,"Avengers, The (2012)",0.2567053583745541
413,"Avventura, L' (The Adventure)",0.31669702215480733
414,Awakenings,0.2841023944723156
415,S. Darko,0.21811509851182878
416,"Saint, The",0.358974358974359
417,"Salton Sea, The",0.24857282315740328
418,"Sandlot Kids, The",0.19369660420705004
419,Save the Last Dance,0.24883822005282338
420,Saving Mr. Banks,0.2382412944729999
421,Saving Private Ryan,0.21101673776376034
422,Saw,0.21680823703340826
423,Scarface,0.23705455620494395
424,Schindler's List,0.23013800420836028
425,Scott Pilgrim vs the World,0.2081987736127391
426,Scream,0.2959403779336356
427,Scream 2,0.25952005108103793
428,Scream 3,0.3477876262760292
429,Se7en,0.24659418527909965
430,"Searchers, The",0.21956205881218419
431,"Secret Life of Walter Mitty, The",0.17655904001368777
432,Semi-Pro,0.2686431113811963
433,Sense and Sensibility,0.2011419592492152
434,Serenity,0.2780277474576355
435,Serial Mom,0.24769416146346807
436,"Sessions, The",0.23239098311310027
437,"Seventh Seal, The",0.3441485468023466
438,Sex and the City,0.23385694412242058
439,"Sex, Lies and Videotape",1.271523178807947
440,Sexual Life,0.21756257493088008
441,Shadow of the Vampire,15.0
442,Shakespeare in Love,0.2411147187722951
443,Shallow Grave,0.24315377670779417
444,Shame,0.24369664341823039
445,Shampoo,1.4285714285714286
446,"Shawshank Redemption, The",0.3460949639627759
447,She's Out of My League,0.21612900500916515
448,Sherlock Holmes,0.23514995915509393
449,Shifty,0.22754924578527064
450,"Shining, The",0.1779411341324146
451,"Shipping News, The",0.29316386121607696
452,Shivers,0.24290817398613154
453,Shrek,0.19726765913128713
454,Shrek the Third,0.18838492049081437
455,Sicario,0.18734161422879286
456,Sideways,0.20869565217391303
457,"Siege, The",0.21745996293117972
458,Signs,0.27792036647736185
459,Silence of the Lambs,0.22934554105780963
460,Silver Bullet,0.34744148248804335
461,Silver Linings Playbook,0.20404289723318547
462,Simone,0.2704266155353238
463,Single White Female,0.2620287554901604
464,Sister Act,0.23595592732660814
465,Six Degrees of Separation,0.22743896975571612
466,"Sixth Sense, The",2.311111111111111
467,Sleepless in Seattle,0.2949503246776238
468,Sleepy Hollow,0.2554850259633385
469,Sling Blade,0.2533256501109572
470,Slither,0.2234716531595762
471,Slumdog Millionaire,0.22670747051842324
472,Smashed,0.22766671447009895
473,Smokin' Aces,0.23831133796080223
474,Snatch,0.23733771078943441
475,Sneakers,15.0
476,Snow Falling On Cedars,0.2433669060671738
477,Snow White and the Huntsman,0.23904249916822806
478,So I Married an Axe Murderer,0.205761316872428
479,"Social Network, The",0.21376989960650639
480,Solaris,0.26569590178143515
481,Soldier,0.2670862812837683
482,Someone To Watch Over Me,0.2878240032194533
483,Something's Gotta Give,0.27728616414376445
484,Source Code,0.2338776854380969
485,South Park,
486,Space Milkshake,0.2186731886273311
487,Spanglish,0.2614594309799789
488,Spare Me,0.362839204001277
489,Spartan,0.2599093298523523
490,Speed,15.0
491,Speed Racer,0.26299885559494063
492,Sphere,0.2205002879126559
493,Spider-Man,0.3452178613059305
494,St. Elmo's Fire,0.23265236386712554
495,Star Trek,0.2529906897955432
496,Star Trek II: The Wrath of Khan,0.1867976399093262
497,Star Trek: First Contact,0.20224058397120698
498,Star Trek: Generations,0.1914252541153509
499,Star Trek: Nemesis,0.2689544007982665
500,Star Trek: The Motion Picture,0.24636726354827487
501,Star Wars: A New Hope,0.20155409297594098
502,Star Wars: Attack of the Clones,0.32428918381865907
503,Star Wars: Return of the Jedi,0.3430775652374167
504,Star Wars: Revenge of the Sith,15.0
505,Star Wars: The Empire Strikes Back,0.3147582758371998
506,Star Wars: The Force Awakens,0.25483964172204565
507,Star Wars: The Phantom Menace,0.3321167200104816
508,Starman,0.20788381888505195
509,Starship Troopers,0.3437143812663377
510,State and Main,0.23390447340464696
511,Station West,0.19408570617727747
512,Stepmom,0.9258160237388724
513,"Sting, The",0.3285705961945579
514,Stir of Echoes,0.26607653716986607
515,Storytelling,0.3476853236675875
516,Straight Outta Compton,0.2754535134606855
517,Strange Days,0.27932939908117305
518,Strangers on a Train,0.2705231900312758
519,"Stuntman, The",0.215068618826869
520,Sugar,0.26110694997437617
521,Sugar and Spice,4.0
522,Sunset Blvd.,0.2435947715433913
523,Sunshine Cleaning,0.2228957534434415
524,Super 8,0.2272411606630635
525,Superbad,0.2090537016725491
526,Superfights,15.0
527,Supergirl,0.34712839537645157
528,"Surfer King, The",0.22084246288682635
529,Surrogates,0.25190992895465675
530,Suspect Zero,0.28362310369795257
531,Sweeney Todd: The Demon Barber of Fleet Street,0.22114812178134147
532,"Sweet Hereafter, The",0.31416341672215353
533,Sweet Smell of Success,0.2680398468303174
534,Swingers,3.111111111111111
535,Swordfish,0.22637941119126537
536,"Synecdoche, New York",0.2490265218210823
537,Syriana,0.25741610019282835
538,Dallas Buyers Club,0.2542872454448017
539,"Damned United, The",0.22905093498161333
540,Dances with Wolves,0.22093904928550598
541,Dark City,0.2796004602635879
542,"Dark Knight Rises, The",0.218157375456297
543,"Dark Knight, The",
544,Dark Star,0.21678100554050897
545,Darkman,0.24979351682149628
546,Date Night,0.23279304913368223
547,Dave Barry's Complete Guide to Guys,0.24262118813655506
548,Dawn of the Dead,0.3243071206152046
549,Day of the Dead,0.3687662292313455
550,"Day the Clown Cried, The",0.3101337395676595
551,"Day the Earth Stood Still, The",0.21010317763602693
552,Days of Heaven,1.0687022900763359
553,Dead Poets Society,0.32569455860595103
554,Deadpool,0.25920798855223043
555,Dear White People,0.257137036321181
556,Death at a Funeral,0.19939967861582464
557,Death to Smoochy,0.27698043250180804
558,"Debt, The",0.23832089636359538
559,Deception,0.26666548361623027
560,Deep Cover,0.21698142810394525
561,Deep Rising,0.22789639159661654
562,"Deer Hunter, The",0.3351661859675843
563,Defiance,0.27443579867125095
564,"Departed, The",0.1960781957778125
565,"Descendants, The",0.21245642401961798
566,Despicable Me 2,0.2850075256854918
567,Detroit Rock City,0.23881396521300732
568,Devil in a Blue Dress,0.22902133883334866
569,Devil's Advocate,0.2054431461954973
570,Die Hard,0.2503693666484364
571,Die Hard 2,0.2587993939888154
572,Diner,0.255605088615853
573,"Distinguished Gentleman, The",0.2366842787204494
574,Disturbia,0.23625129261351496
575,Django Unchained,0.2410021824848759
576,Do The Right Thing,0.31371848322414136
577,Dog Day Afternoon,0.21027475610022658
578,Dogma,0.2946129709494815
579,Donnie Brasco,0.23028713973969614
580,Donnie Darko,
581,"Doors, The",0.22847012344120302
582,Double Indemnity,0.1991108724763576
583,Drag Me to Hell,0.27711095855764717
584,Dragonslayer,0.23619430627579638
585,Drive,0.2002217532815909
586,Drive Angry,0.24335395723680212
587,Drop Dead Gorgeous,0.35785958874938245
588,"Dry White Season, A",0.24879347814996583
589,Duck Soup,0.20913355436712824
590,Dumb and Dumber,0.2774320268361582
591,Dune,0.26236561396512914
592,"Fabulous Baker Boys, The",0.31926821332932903
593,Face Off,0.27802662620425894
594,Fair Game,0.21693230892643664
595,"Family Man, The",0.30767601008495943
596,Fantastic Four,0.23548308885925567
597,Fantastic Mr Fox,0.25756211739287
598,Fargo,0.3422545213982041
599,Fast Times at Ridgemont High,0.3455103831529687
600,Fatal Instinct,0.23074277854195324
601,"Fault in Our Stars, The",0.23588885932570602
602,Fear and Loathing in Las Vegas,0.2862843758133079
603,Feast,0.21687512321205615
604,Ferris Bueller's Day Off,0.23981042654028437
605,Field of Dreams,0.22596577555816685
606,"Fifth Element, The",0.3261911312147715
607,Fight Club,0.24007094295004433
608,"Fighter, The",0.23560457287137046
609,Final Destination,0.30629719366752134
610,Final Destination 2,0.30811999116001537
611,Finding Nemo,0.318937391192211
612,Five Easy Pieces,0.3160247414106762
613,Flash Gordon,0.2363752017369088
614,Fletch,0.2913923159321932
615,Flight,0.21847079198944597
616,"Flintstones, The",0.25096048298573
617,Forrest Gump,0.1901964833383047
618,Four Feathers,0.9777777777777777
619,Four Rooms,0.20729947838219207
620,Foxcatcher,0.20614658049854415
621,Fracture,0.2
622,Frances,0.21037787905417835
623,Frankenstein,0.2382697430548704
624,Frankenweenie,0.27156798389567194
625,Freaked,0.23003932667181762
626,Freddy vs. Jason,0.330572737389684
627,"French Connection, The",0.2861061866742582
628,Frequency,1.4615384615384615
629,Friday the 13th,0.23105006954102922
630,Friday the 13th Part VIII: Jason Takes Manhattan,0.34091789628520586
631,Fright Night,0.24647986080452905
632,Fright Night (1985),0.2291988015196528
633,From Dusk Till Dawn,0.3426006178189657
634,From Here to Eternity,0.21805297430334222
635,Frozen,0.22031614873360877
636,Frozen (Disney),0.2209823376330067
637,Frozen River,0.23372887014051166
638,Fruitvale Station,0.20759732728448407
639,"Fugitive, The",0.33022218653291413
640,Full Metal Jacket,
641,Funny People,0.2515334741749836
642,Fury,
643,G.I. Jane,0.2899296581792031
644,G.I. Joe: The Rise of Cobra,0.2798893756577498
645,Game 6,0.19621428720495857
646,"Game, The",0.2671996966153652
647,Gamer,0.2618940052128584
648,Gandhi,0.2235694846504533
649,Gang Related,0.19112627986348124
650,Gangs of New York,0.35197754199333275
651,Garden State,0.23064485573682378
652,Gattaca,0.2711202960542125
653,Get Carter,0.2025224877613524
654,Get Low,0.23504926080513985
655,Get on Up,0.2549425209400115
656,Get Out,0.18176462171647884
657,Get Shorty,15.0
658,"Getaway, The",0.2986898879045482
659,Ghost,0.20710038379397722
660,"Ghost and the Darkness, The",0.31813932948147056
661,Ghost Rider,0.2668093423065699
662,Ghost Ship,0.30088670080256613
663,Ghost World,0.19816865680876075
664,Ghostbusters,0.3687372853290439
665,Ghostbusters 2,0.3310835887778526
666,Ginger Snaps,0.28275240915272
667,"Girl with the Dragon Tattoo, The",0.2579395940133636
668,Gladiator,0.32633781683364843
669,Glengarry Glen Gross,0.19446230426215907
670,Go,0.22245104795881138
671,Godfather,0.3298935465797382
672,Godfather Part II,0.3297891849817223
673,"Godfather Part III, The",0.2610806174957118
674,Gods and Monsters,0.2307853422636363
675,Godzilla,0.264334993268644
676,Gone Baby Gone,0.19571717401828173
677,Gone in 60 Seconds,0.3461414196004253
678,"Good Girl, The",0.18041432011303257
679,Good Will Hunting,0.1916752696859524
680,Goodfellas,
681,Gothika,0.27235381522594176
682,Grabbers,0.17502661406475045
683,"Graduate, The",0.2916383739034411
684,Gran Torino,0.256810366109207
685,Grand Hotel,0.18328819446754993
686,Grand Theft Parsons,0.18839216554166205
687,"Grapes of Wrath, The",0.20734636333576784
688,Gravity,0.2005658687317242
689,"Great Gatsby, The",0.17292179581124545
690,"Green Mile, The",0.22788149492270648
691,Gremlins,0.26611357970427246
692,Gremlins 2,0.2901236111875378
693,"Grifters, The",0.28049176190647873
694,Grosse Point Blank,0.35308689827180884
695,Groundhog Day,0.2597699186818347
696,"Grudge, The",0.21070561838912039
697,Guardians of the Galaxy Vol 2,0.1831308081384962
698,Hackers,0.2361133903662426
699,Hall Pass,0.23258499249459777
700,Halloween,0.195912466431036
701,Halloween: The Curse of Michael Myers,1.3968253968253967
702,Hancock,0.2850977965508892
703,"Hangover, The",0.22477696519508367
704,Hanna,0.2433229734312646
705,Hannah and Her Sisters,0.22467631599569293
706,Hannibal,0.2479066575154427
707,"Happy Birthday, Wanda June",0.22817408394439312
708,Happy Feet,0.27503070901586185
709,Hard Rain,0.20537058221446203
710,Hard to Kill,0.3200039500564735
711,Harold and Kumar Go to White Castle,0.22029624590990654
712,Harry Potter and the Chamber of Secrets,
713,Harry Potter and the Deathly Hallows Part 1,
714,Harry Potter and the Goblet of Fire,
715,Harry Potter and the Half-Blood Prince,
716,Harry Potter and the Prisoner of Azkaban,
717,Harry Potter and the Sorcerer's Stone,
718,"Haunting, The",0.26276657010976545
719,He's Just Not That Into You,0.20008131533249993
720,Heat,0.2741936864084067
721,Heathers,0.2598827589236469
722,Heavenly Creatures,0.3306786171574904
723,Heavy Metal,2.1132075471698113
724,"Hebrew Hammer, The",0.24184020745993087
725,Heist,0.24971667705108644
726,Hellbound: Hellraiser II,0.30008223730216893
727,Hellboy,0.2416409961651414
728,Hellboy 2: The Golden Army,0.2971676812712567
729,Hellraiser,0.2458216039057294
730,Hellraiser 3: Hell on Earth,0.2351358597237182
731,Hellraiser: Deader,0.27843648373340757
732,Hellraiser: Hellseeker,0.27918026463222734
733,"Help, The",0.2306706662222716
734,Henry Fool,0.1998811782517871
735,Henry's Crime,0.2121561858460407
736,Her,0.2147670346233985
737,Hesher,0.18728701967200032
738,High Fidelity,0.20243262030737313
739,Highlander,0.21942127121236474
740,Highlander: Endgame,1.0103806228373702
741,"Hills Have Eyes, The",0.24653340844044633
742,His Girl Friday,0.17543804543003574
743,Hitchcock,0.211992501143859
744,"Hitchhiker's Guide to the Galaxy, The",0.23256878858497895
745,Hollow Man,0.3163962480217193
746,Honeydripper,0.2582101964499127
747,Horrible Bosses,0.18729069969420442
748,"Horse Whisperer, The",0.3226796953937268
749,"Hospital, The",0.2191049777468275
750,Hostage,0.27183254009830915
751,Hot Tub Time Machine,0.24817484785623417
752,Hotel Rwanda,0.19203902074055956
753,House of 1000 Corpses,0.21188374169229243
754,How to Lose Friends & Alienate People,0.2316329627279499
755,How to Train Your Dragon,0.23760010529406406
756,How to Train Your Dragon 2,0.21592918752911697
757,Hudson Hawk,0.2851808755462467
758,"Hudsucker Proxy, The",0.22050116452002133
759,Human Nature,0.19851956670681958
760,"Hunt for Red October, The",0.24630602547764666
761,"Hurt Locker, The",0.17551625232925674
762,"Jacket, The",0.1899564202964915
763,Jackie Brown,0.23194702929552818
764,Jacob's Ladder,0.32485940150170106
765,Jade,15.0
766,Jane Eyre,0.2007230965546576
767,Jason X,0.3350630970633329
768,Jaws,0.2387012364788914
769,Jaws 2,0.20944685205248587
770,Jay and Silent Bob Strike Back,0.20970962753670225
771,Jennifer Eight,0.2565309873407265
772,Jennifer's Body,0.2248007297974482
773,Jerry Maguire,0.2172379606824439
774,Jeux Interdits,0.18502796146380157
775,JFK,0.21339269043635525
776,Jimmy and Judy,0.20160952010745528
777,John Q,1.0158730158730158
778,John Wick,0.17745415318230853
779,Judge Dredd,0.25930474040632057
780,Juno,0.21413124759999191
781,Jurassic Park,0.298981628560711
782,Jurassic Park III,1.1111111111111112
783,Jurassic Park: The Lost World,0.33819139049122277
784,Kafka,0.24398723862390487
785,Kalifornia,0.21860534803214182
786,Kate & Leopold,0.2029788137613049
787,Kids,0.3244186046511628
788,"Kids Are All Right, The",0.23577052868391452
789,Kill Bill Volume 1 & 2,0.29649261576285524
790,Kill Your Darlings,0.27343258544768295
791,Killing Zoe,0.19316600006298618
792,King Kong,0.22652942584550148
793,"King of Comedy, The",0.26331152491192755
794,"King's Speech, The",0.25127994171494844
795,"Kingdom, The",0.2704036970734131
796,Kiss of the Spider Woman,15.0
797,Klute,0.35787978781170376
798,Knocked Up,0.1947327935543731
799,Kramer vs Kramer,0.18675408347169598
800,Kundun,0.22754225075949785
801,Kung Fu Panda,0.2054438567716492
802,L.A. Confidential,0.2417788393753162
803,La La Land,0.26976634411139955
804,Labor of Love,0.2867788424167362
805,Labyrinth,0.3385740985145752
806,"Ladykillers, The",0.22039131617258867
807,Lake Placid,0.23849458256371062
808,Land of the Dead,0.22628613730562144
809,Larry Crowne,0.21958440852913214
810,"Last Boy Scout, The",0.2723985536359984
811,Last Chance Harvey,0.18487441074299887
812,"Last Flight, The",0.23798324961633346
813,"Last of the Mohicans, The",0.34000847901443926
814,"Last Samurai, The",0.23984145714199268
815,"Last Station, The",0.24340289603175536
816,Last Tango in Paris,0.1925050876060952
817,Law Abiding Citizen,0.2579278620137679
818,Le Diable par la Queue,0.18698448954093336
819,Leaving Las Vegas,2.7058823529411766
820,Legally Blonde,0.21906901356385247
821,Legend,0.3578906300799792
822,Legion,0.2448214216314951
823,"LEGO Movie, The",0.20886154281369898
824,Les Miserables,0.22902341338769183
825,Les Tontons Flingueurs,0.20087824250479056
826,Lethal Weapon,
827,Lethal Weapon 4,
828,Leviathan,0.2560813394294823
829,Liar Liar,0.22316452509416174
830,Life,0.21189424683695393
831,Life As A House,1.52
832,"Life of David Gale, The",0.21908970014156406
833,Life of Pi,0.2831047775106443
834,Light Sleeper,0.20459420966474207
835,"Limey, The",0.26210832875238305
836,Limitless,0.2094821775736254
837,Lincoln,0.2292956914286126
838,"Lincoln Lawyer, The",0.24183394281767712
839,"Lion King, The",15.0
840,Little Athens,0.19806559231391527
841,"Little Mermaid, The",0.37770232518158764
842,Little Nicky,0.3464987942448902
843,Living in Oblivion,0.1806348621600049
844,"Lock, Stock and Two Smoking Barrels",0.35646580907244413
845,Logan,0.2039173661262354
846,Logan's Run,0.3430687340893312
847,Lone Star,0.35007955090215587
848,"Long Kiss Goodnight, The",0.24933594816672044
849,Looper,0.24632737022142098
850,Lord of Illusions,0.3360741655214181
851,"Lord of the Rings: Fellowship of the Ring, The",0.27222430053751795
852,Lord of the Rings: Return of the King,0.2819522859234449
853,Lord of the Rings: The Two Towers,0.19424226155376206
854,Lord of War,0.2642423800761537
855,"Losers, The",0.22123298582225606
856,Lost Highway,0.3148001229352946
857,Lost Horizon,0.14261489550596929
858,Lost in Space,0.27817326085615074
859,Lost in Translation,0.21384819653611695
860,Love and Basketball,0.32262640904254497
861,Zero Dark Thirty,0.2395135007557611
862,Zerophilia,0.19862286321126374
863,Zootopia,0.26940521232345543
864,"X-Files: Fight the Future, The",0.2684063875515433
865,X-Men,1.6363636363636365
866,X-Men Origins: Wolverine,0.2798444912080465
867,xXx,0.2363793994422355
868,Cable Guy,0.3381264409659022
869,Candle to Water,0.2789220390943803
870,Capote,0.20944721028463104
871,Carrie,0.2573762743906556
872,Cars 2,0.2019173093017158
873,Casablanca,
874,Case 39,0.22080998513339106
875,Casino,0.2324812486013153
876,Cast Away,0.2947623773293638
877,Catch Me If You Can,0.24317312085305076
878,Catwoman,15.0
879,Cecil B. Demented,0.24679154420187072
880,Cedar Rapids,0.21916922330732425
881,Celeste & Jesse Forever,0.19614212294480166
882,"Cell, The",0.35363159851572123
883,Cellular,0.26076192379024726
884,"Change-Up, The",0.24335233890092003
885,Changeling,0.2103405915791502
886,Chaos,0.2563506099665939
887,Charade,0.19608234186958173
888,Charlie's Angels,0.285893686467284
889,Chasing Amy,0.3318659356685662
890,Chasing Sleep,0.31005153397871216
891,Cherry Falls,0.2857449964529097
892,Chinatown,0.20012125480572004
893,Christ Complex,0.2532396835949167
894,Chronicle,0.2660911514535991
895,"Chronicles of Narnia: The Lion, the Witch and the Wardrobe",0.1950058993056227
896,"Cider House Rules, The",0.20521850135909936
897,"Cincinnati Kid, The",0.20100410142113667
898,Cinema Paradiso,0.3295723012222106
899,Cirque du Freak: The Vampire's Assistant,0.24547916832629652
900,Citizen Kane,0.20894994001343026
901,City of Joy,0.300962640598645
902,Clash of the Titans,0.2277975424812364
903,Clerks,0.32058754169052994
904,Cliffhanger,0.24640783576917746
905,"Clockwork Orange, A",15.0
906,Clueless,6.181818181818182
907,Cobb,0.22295435267735253
908,Coco,0.2119507493804335
909,Code of Silence,0.23277994481971268
910,Cold Mountain,0.2288738148301387
911,Collateral,15.0
912,Collateral Damage,0.24677909450015192
913,Colombiana,0.20199228160802352
914,Color of Night,0.21076736357599213
915,Commando,0.2373722704829298
916,Conan the Barbarian,0.22242435684006384
917,Confessions of a Dangerous Mind,0.26879034149425407
918,Confidence,0.2447395795534267
919,Constantine,0.28361373058888645
920,Contact,
921,"Cooler, The",0.23052307206068268
922,Copycat,1.5280898876404494
923,Coraline,0.23434660987585462
924,Coriolanus,0.24969630151389868
925,Courage Under Fire,15.0
926,Cowboys & Aliens,0.28413587676535024
927,Cradle 2 the Grave,0.29189273530642496
928,Crank,0.1967043860469466
929,Crash,0.255793782018269
930,"Crazy, Stupid, Love",0.1915782706525233
931,Crazylove,0.19209077201196298
932,Creation,0.27385421318816616
933,Crime Spree,0.18915289333703456
934,"Croods, The",0.2044682173055623
935,"Crouching Tiger, Hidden Dragon",0.3639594061493059
936,Croupier,0.20468957680171268
937,"Crow Salvation, The",2.1132075471698113
938,"Crow, The",0.36615009945620525
939,"Crow: City of Angels, The",0.23962492655611112
940,Cruel Intentions,0.21070765192220928
941,Crying Game,0.23440338727945817
942,Cube,1.0497737556561086
943,"Curious Case of Benjamin Button, The",0.21430720645527593
944,Custody,0.177603762188282
945,V for Vendetta,0.20764659549369316
946,Valentine's Day,
947,Valkyrie,0.2616941948648509
948,Vanilla Sky,0.2738757320172369
949,"Verdict, The",0.1937480656143609
950,Vertigo,15.0
951,Very Bad Things,0.19660808347072142
952,"Village, The",15.0
953,Virtuosity,0.3326150367580465
954,"Visitor, The",0.17537932113248866
955,Babel,0.18532263365468887
956,Bachelor Party,0.2119414168343832
957,"Bachelor Party, The",0.3151304794960792
958,Back to the Future,15.0
959,Back to the Future II & III,15.0
960,"Back-up Plan, The",0.25052171861673495
961,Backdraft,0.21673436929094933
962,Bad Boys,0.24735209515340523
963,Bad Country,0.24496994275022715
964,Bad Day at Black Rock,0.21424612820031683
965,Bad Dreams,0.24440826571763333
966,Bad Lieutenant,0.24420273217770636
967,Bad Santa,0.22224218792115147
968,Bad Teacher,0.2359093253532563
969,Badlands,0.3575655223091699
970,Bamboozled,0.3275467455462905
971,Barry Lyndon,0.33891436270772185
972,Barton Fink,0.3333333333333333
973,Basic,0.2617386089110853
974,Basic Instinct,0.18676923812026663
975,Basquiat,0.28896261020206343
976,Batman,0.29737263411105963
977,Batman 2,0.29376451387940267
978,Batman and Robin,
979,Batman Begins,
980,Batman Forever,
981,Batman Returns,
982,"Battle of Algiers, The",0.32496798089238116
983,"Battle of Shaker Heights, The",0.2035776460199319
984,Battle: Los Angeles,0.2572849875916589
985,"Beach, The",1.5
986,Bean,0.27759573531569426
987,Beasts of No Nation,0.19707308091341405
988,Beasts of the Southern Wild,0.22040395105410585
989,Beauty and the Beast,0.223197982444136
990,Beavis and Butt-head Do America,0.32521530424961176
991,Beginners,0.22106621455065184
992,Being Human,0.23387836077391816
993,Being John Malkovich,0.30856474714995613
994,Being There,0.3176926886686263
995,"Believer, The",0.2305016605488551
996,Belle,0.25686924688967294
997,Beloved,0.25611705069475965
998,Benny & Joon,15.0
999,"Best Exotic Marigold Hotel, The",0.2268393214102496
1000,Big,0.3592726940889284
1001,"Big Blue, The",0.32508073196986004
1002,Big Eyes,0.2669910176027956
1003,Big Fish,0.22610489565976355
1004,"Big Lebowski, The",0.3441242878717646
1005,"Big Sick, The",0.22717668329448668
1006,"Big White, The",0.24846424584082227
1007,Birdman,0.23456659990864692
1008,"Birds, The",0.2970774542862487
1009,Birthday Girl,0.21453360719597706
1010,"Black Dahlia, The",0.26877578061400015
1011,Black Panther,0.2362995673312815
1012,Black Rain,0.338791352072531
1013,Black Snake Moan,0.20579554925653176
1014,Black Swan,0.19570345734395544
1015,BlacKkKlansman,0.17759249474864366
1016,Blade,0.35538431398158427
1017,Blade II,1.5913978494623655
1018,Blade Runner,0.2529423380726698
1019,Blade: Trinity,0.2671738541192901
1020,"Blast from the Past, The",1.9333333333333333
1021,"Blind Side, The",0.2258238063214526
1022,"Bling Ring, The",0.21703561411799363
1023,Blood and Wine,0.2287552613524689
1024,Blood Simple,0.21341366060309316
1025,Blow,0.3139174181846971
1026,Blue Valentine,0.19758632368932386
1027,Blue Velvet,0.2996179834154842
1028,"Blues Brothers, The",15.0
1029,"Bodies, Rest & Motion",0.18192146103060963
1030,Body Heat,0.2706258709369777
1031,Body of Evidence,0.20788898393688812
1032,Bodyguard,0.2675786692723884
1033,Bones,1.1324200913242009
1034,Bonfire of the Vanities,0.20486004513911146
1035,Bonnie and Clyde,0.27573071309053365
1036,Boogie Nights,0.21414271414271413
1037,"Book of Eli, The",0.23157536524435987
1038,Boondock Saints 2: All Saints Day,0.22153459796403427
1039,"Boondock Saints, The",0.21853384339136545
1040,Bottle Rocket,1.4608695652173913
1041,Bound,0.18858466638707488
1042,"Bounty Hunter, The",0.21227256830797098
1043,"Bourne Identity, The",0.2174148390107326
1044,"Bourne Supremacy, The",15.0
1045,"Bourne Ultimatum, The",0.24503372247352312
1046,"Box, The",0.2234087215935751
1047,"Boxtrolls, The",0.18603939988868706
1048,Boyhood,0.23308092056421678
1049,Braveheart,0.23556201664913504
1050,Brazil,3.111111111111111
1051,Break,0.27977154547779387
1052,Breakdown,0.27948281415359133
1053,"Breakfast Club, The",0.21325657334757106
1054,Breaking Away,0.23350823822454522
1055,Brick,0.20788165565229708
1056,Bridesmaids,0.22949990847200552
1057,Bringing Out the Dead,0.2504874719703617
1058,Broadcast News,1.0823529411764705
1059,Broken Arrow,0.2640399722263822
1060,Broken Embraces,0.2572112702102085
1061,"Brothers Bloom, The",0.2397191753903319
1062,Bruce Almighty,0.285366478728857
1063,Buffy the Vampire Slayer,2.933333333333333
1064,Bull Durham,0.20729745482805517
1065,Buried,0.2244097164290702
1066,Burlesque,0.2450915315089653
1067,Burn After Reading,0.2506195149928039
1068,Burning Annie,0.19850502320918778
1069,"Butterfly Effect, The",0.22068615208787487
1070,Napoleon Dynamite,15.0
1071,Nashville,0.3269416098496789
1072,Natural Born Killers,0.2364517231890463
1073,Never Been Kissed,1.0193050193050193
1074,"Neverending Story, The",0.7557603686635944
1075,New York Minute,0.26487287812824106
1076,Newsies,0.22637032172852128
1077,Next,0.21409818650883983
1078,Next Friday,0.22663458816869517
1079,"Next Three Days, The",0.21903792777133263
1080,Ni vu ni connu,0.17989524363790277
1081,Nick of Time,0.2100705806542555
1082,Night Time (The Poltergeist Treatment),0.3142578420192083
1083,Nightbreed,0.26563153735298217
1084,"Nightmare Before Christmas, The",0.38298432767022256
1085,"Nightmare Before Christmas, The",0.38298432767022256
1086,"Nightmare on Elm Street, A",0.2557115611821814
1087,Nightmare on Elm Street: The Final Chapter,0.2592917465627677
1088,Nine,0.2735450193420378
1089,"Nines, The",0.2394465587850349
1090,Ninja Assassin,0.2305359740953202
1091,Ninotchka,0.18714209197337212
1092,"Ninth Gate, The",1.1977401129943503
1093,No Country for Old Men,0.23657716405858725
1094,No Strings Attached,0.23478305309960648
1095,Notting Hill,0.31168509728004806
1096,Nurse Betty,1.3846153846153846
1097,Machete,0.1997144315295116
1098,Machine Gun Preacher,0.20943484677489366
1099,Mad Max 2: The Road Warrior,0.25672155290303017
1100,Made,0.2006355473412265
1101,Magnolia,0.21096584262151774
1102,"Majestic, The (The Bijou)",0.28332128572117005
1103,Major League,0.2161518554667725
1104,Malcolm X,0.33808128695466894
1105,Malibu's Most Wanted,0.21899515290728233
1106,Man in the Iron Mask,0.289054333002563
1107,Man On Fire,0.2768415390613049
1108,Man on the Moon,0.35672473103012076
1109,Man Trouble,0.22546131887602505
1110,"Man Who Knew Too Much, The",0.2602208761029197
1111,"Man Who Wasn't There, The",0.21519383231481803
1112,"Manchurian Candidate, The",0.2767017062317663
1113,Manhattan Murder Mystery,0.17044091710758377
1114,Manhunter,0.3034590709217667
1115,Margaret,0.20961527268494268
1116,Margin Call,0.19916105461472006
1117,Margot at the Wedding,0.2446222392564557
1118,"Mariachi, El",0.2750778096714947
1119,Marley & Me,0.2287755991285403
1120,Martha Marcy May Marlene,0.17428866560240397
1121,"Martian, The",0.20111429001656378
1122,Marty,0.20524780212602273
1123,Mary Poppins,2.076923076923077
1124,"Mask, The",0.26754174488224364
1125,Master and Commander,0.31041303870018766
1126,"Master, The",0.23227808285915647
1127,Matchstick Men,
1128,"Matrix Reloaded, The",0.2954139830837278
1129,"Matrix, The",0.3305180767279072
1130,Max Payne,0.2244845510391882
1131,Mean Streets,0.20599079631479217
1132,"Mechanic, The",0.259541606032544
1133,Meet Joe Black,0.3120963742340776
1134,Meet John Doe,0.14483902570720902
1135,Megamind,0.23149650902976654
1136,Memento,0.2948189504872666
1137,Men in Black,0.35558980569163867
1138,Men in Black 3,0.2596068470210064
1139,"Men Who Stare at Goats, The",0.19656572968190775
1140,Metro,0.21216807120607886
1141,Miami Vice,0.2827889810347511
1142,Midnight Cowboy,0.3600892283262127
1143,Midnight Express,0.23766257422856935
1144,Midnight in Paris,0.2136452822690808
1145,Mighty Joe Young,0.24098940476282613
1146,Mighty Morphin Power Rangers: The Movie,0.274103030018573
1147,Milk,0.2821541943854032
1148,Miller's Crossing,0.26580192543052356
1149,Mimic,0.2877809900289103
1150,Mini's First Time,0.19995165649743998
1151,Minority Report,2.0350877192982457
1152,"Miracle Worker, The",0.35395639109330457
1153,Mirrors,0.22940130881497245
1154,Misery,0.19765381116895206
1155,Mission Impossible,0.2626732796312406
1156,Mission Impossible II,0.26208698898637295
1157,Mission to Mars,0.23325040562466198
1158,Moneyball,0.19849730419849732
1159,Monkeybone,0.3247801627614834
1160,Monster's Ball,15.0
1161,Monte Carlo,0.21620412373696574
1162,Moon,0.25365228632551967
1163,Moonrise Kingdom,0.21302489477633854
1164,Moonstruck,0.2051750293657474
1165,Mr Blandings Builds His Dream House,0.1932331737003164
1166,Mr Brooks,0.2525186232005557
1167,Mr Deeds Goes to Town,0.13001522474761187
1168,Mr. Holland's Opus,15.0
1169,Mrs. Brown,0.3332163115980858
1170,Mud,0.23664555867554904
1171,Mulan,0.3373267067747842
1172,Mulholland Drive,0.32078457664512405
1173,Mumford,0.21500239240566435
1174,"Mummy, The",0.22504417997278828
1175,Music of the Heart,0.20771223265247998
1176,Mute Witness,0.26002347024308464
1177,My Best Friend's Wedding,0.3335661717453381
1178,My Girl,0.22275550732803295
1179,My Mother Dreams the Satan's Disciples in New York,0.25462300076161465
1180,My Week with Marilyn,0.23284249479608357
1181,Mystery Men,2.5555555555555554
1182,10 Things I Hate About You,0.20383233761160183
1183,12,1.736842105263158
1184,12 and Holding,0.1931640429993011
1185,12 Monkeys,0.34550999590946985
1186,12 Years a Slave,0.24679189686924494
1187,127 Hours,0.24380920920684732
1188,1492: Conquest of Paradise,0.3375476344426254
1189,15 Minutes,0.33849494916258105
1190,17 Again,0.21168463187562778
1191,187,0.21618524707567438
1192,2001: A Space Odyssey,0.32125973540114955
1193,2012,0.19955753138805335
1194,25th Hour,15.0
1195,28 Days Later,0.20062916033425876
1196,30 Minutes or Less,0.21383642520550705
1197,42,0.2415209076540072
1198,44 Inch Chest,0.24081741178258062
1199,48 Hrs.,1.5841584158415842
1200,50-50,0.19572093640271784
1201,500 Days of Summer,0.19710983752293404
1202,8 Mile,15.0
1203,8MM,0.2510798696795838
1204,9,0.21665985522418976
